{"chunk_definitions":[{"row":23,"row_count":1,"visible":true,"expansion_state":0,"options":{"engine":"r","label":"unnamed-chunk-1","dev":"png"},"document_id":"BC4E1AB8","chunk_id":"cnl6cwxfshyiz","chunk_label":"unnamed-chunk-1"},{"row":44,"row_count":1,"visible":true,"expansion_state":0,"options":{"engine":"r","label":"unnamed-chunk-2","dev":"png"},"document_id":"BC4E1AB8","chunk_id":"c7d90n39saq2x","chunk_label":"unnamed-chunk-2"},{"row":55,"row_count":1,"visible":true,"expansion_state":0,"options":{"engine":"r","label":"unnamed-chunk-3","dev":"png"},"document_id":"BC4E1AB8","chunk_id":"c4vo5jib27rug","chunk_label":"unnamed-chunk-3"},{"row":76,"row_count":1,"visible":true,"expansion_state":0,"options":{"engine":"r","label":"unnamed-chunk-4","dev":"png"},"document_id":"BC4E1AB8","chunk_id":"cpwn5myz3a4oq","chunk_label":"unnamed-chunk-4"},{"row":106,"row_count":1,"visible":true,"expansion_state":0,"options":{"engine":"r","label":"unnamed-chunk-5","dev":"png"},"document_id":"BC4E1AB8","chunk_id":"c6jy6zh6hhz5n","chunk_label":"unnamed-chunk-5"},{"row":127,"row_count":1,"visible":true,"expansion_state":0,"options":{"engine":"r","label":"unnamed-chunk-6","dev":"png"},"document_id":"BC4E1AB8","chunk_id":"c80t6o1p09tl1","chunk_label":"unnamed-chunk-6"},{"row":135,"row_count":1,"visible":true,"expansion_state":0,"options":{"engine":"r","label":"unnamed-chunk-7","dev":"png"},"document_id":"BC4E1AB8","chunk_id":"c88fbflicwwjp","chunk_label":"unnamed-chunk-7"}],"doc_write_time":1733172888,"chunk_rendered_width":588}