{"chunk_definitions":[{"row":30,"row_count":1,"visible":true,"expansion_state":0,"options":{"engine":"r","label":"unnamed-chunk-1","echo":false,"dev":"png"},"document_id":"5606C0F1","chunk_id":"cldrdf5syz8yn","chunk_label":"unnamed-chunk-1"},{"row":60,"row_count":1,"visible":true,"expansion_state":0,"options":{"engine":"r","label":"unnamed-chunk-2","dev":"png"},"document_id":"5606C0F1","chunk_id":"cjfklfwsyoscc","chunk_label":"unnamed-chunk-2"},{"row":73,"row_count":1,"visible":true,"expansion_state":0,"options":{"engine":"r","label":"unnamed-chunk-5","dev":"png"},"document_id":"5606C0F1","chunk_id":"ccwzbityksexb","chunk_label":"unnamed-chunk-3"},{"row":92,"row_count":1,"visible":true,"expansion_state":0,"options":{"engine":"r","label":"unnamed-chunk-9","dev":"png"},"document_id":"5606C0F1","chunk_id":"cj717zsjbssjj","chunk_label":"unnamed-chunk-4"},{"row":101,"row_count":1,"visible":true,"expansion_state":0,"options":{"engine":"r","label":"unnamed-chunk-10","dev":"png"},"document_id":"5606C0F1","chunk_id":"cvay6bw2c8md1","chunk_label":"unnamed-chunk-5"},{"row":120,"row_count":1,"visible":true,"expansion_state":0,"options":{"engine":"r","label":"unnamed-chunk-11","dev":"png"},"document_id":"5606C0F1","chunk_id":"c5yf0ttbc6xmu","chunk_label":"unnamed-chunk-6"},{"row":148,"row_count":1,"visible":true,"expansion_state":0,"options":{"engine":"r","label":"unnamed-chunk-14","dev":"png"},"document_id":"5606C0F1","chunk_id":"cs4ug508rbdif","chunk_label":"unnamed-chunk-7"},{"row":167,"row_count":1,"visible":true,"expansion_state":0,"options":{"engine":"r","label":"unnamed-chunk-17","dev":"png"},"document_id":"5606C0F1","chunk_id":"cm3gth9p16x5c","chunk_label":"unnamed-chunk-8"}],"doc_write_time":1732141952,"chunk_rendered_width":573}