"0",""
"0","data_2016 <- tortilla_data %>% filter(year == 2016)"
"0",""
"0",""
"0","summary_stats_2016 <- data_2016 %>%"
"0","  group_by(State) %>%"
"0","  summarize("
"0","    Mean = mean(price, na.rm = TRUE),"
"0","    Median = median(price, na.rm = TRUE),"
"0","    SD = sd(price, na.rm = TRUE)"
"0","  )"
"1","[1m[33mError[39m in `group_by()`:[22m
[38;5;232m[33m![38;5;232m Must group by variables found in `.data`.
[31m✖[38;5;232m Column `State` is not found.[39m
Backtrace:
[90m 1. [39mdata_2016 %>% group_by(State) %>% ...
[90m 4. [39m[1m[94mdplyr:::group_by.data.frame([39m[22m., State[1m[94m)[39m[22m
"
