"0","# Load necessary libraries"
"0","library(ggplot2)"
"0","library(RColorBrewer)"
"0",""
"0",""
"0","data(diamonds)"
"0",""
"0",""
"0","ggplot(diamonds, aes(x = carat, y = price, color = clarity)) +"
"0","  "
"0","  geom_point(alpha = 0.5, size = 1.5) +"
"0","  "
"0","  geom_smooth(method = ""lm"", se = FALSE, color = ""black"") +"
"0","  "
"0","  scale_color_brewer(palette = ""Set1"") +"
"0","  "
"0","  labs(title = ""Relationship Between Diamond Carat, Price, and Clarity"","
"0","       x = ""Carat (weight)"","
"0","       y = ""Price (USD)"","
"0","       color = ""Clarity Level"") +"
"0","  "
"0","  theme_minimal() +"
"0","  "
"0","  theme(text = element_text(size = 12))"
"1","[38;5;232m`geom_smooth()` using formula = 'y ~ x'[39m
"
