"0",""
"0","nuevo_leon_data <- tortilla_data %>% filter(state == ""Nuevo León"")"
"0",""
"0",""
"0","ggplot(nuevo_leon_data, aes(x = year, y = price, color = storeType)) +"
"0","  geom_line() +"
"0","  geom_point() +"
"0","  labs("
"0","    title = ""Tortilla Prices in Nuevo León by Store Type (2007–2024)"","
"0","    x = ""Year"","
"0","    y = ""Price (MXN)"","
"0","    color = ""Store Type"","
"0","    caption = ""Data shows differences in pricing trends for small businesses and large corporations."""
"0","  ) +"
"0","  theme_minimal()"
"0",""
